{
    "acne_rosacea": 1.9522905156537753,
    "actinic_keratosis": 1.3284382832080202,
    "alopecia_hair_loss": 9.423055555555555,
    "basal_cell_carcinoma": 0.47703622454719313,
    "bullous_disease_pemphigus": 3.059433621933622,
    "cellulitis_impetigo": 4.791384180790961,
    "contact_dermatitis": 5.37436628643853,
    "dermatofibroma": 7.478615520282187,
    "eczema_atopic_dermatitis": 0.8270674858591769,
    "exanthems_drug_eruptions": 3.5965860899067006,
    "fungal_infections": 0.5984158904882868,
    "infestations_bites": 3.1906508653122647,
    "lupus_connective_tissue": 3.2344584286803966,
    "melanocytic_nevus": 0.12924820165813217,
    "melanoma": 0.3707917978314096,
    "pigmentation_disorders": 2.436997126436782,
    "psoriasis_lichen_planus": 1.0431426814268143,
    "seborrheic_keratosis": 0.6092492816091954,
    "squamous_cell_carcinoma": 2.537627169359665,
    "systemic_disease": 2.247151563328034,
    "urticaria_hives": 6.698854660347552,
    "vascular_lesion": 6.962848932676519,
    "vasculitis": 3.212405303030303,
    "viral_infections": 0.9912050023375409
}